,Event Date,Event Name,Event Type,Event Location
Kusama Demo Day,02 Sep Thursday,Kusama Demo Day,Conference,Online Event
Blockchain Expo Global,06 Sep Monday,Blockchain Expo Global,Expo,London
Finnovex Middle East | Hybrid,,Finnovex Middle East | Hybrid,Conference,Dubai UAE
Blockchain in Real Estate,08 Sep Wednesday,Blockchain in Real Estate,Conference,Virtual Event
Chain Plus: Asia NFT & DeFi Conference and Investment Roadshow,,Chain Plus: Asia NFT & DeFi Conference and Investment Roadshow,"Conference,",Virtual Event
London Digital Assets Week,12 Sep Sunday,London Digital Assets Week,Other,London
Sanctor Turbo Demo Day,14 Sep Tuesday,Sanctor Turbo Demo Day,Other,Virtual
Mainnet 2021,20 Sep Monday,Mainnet 2021,Summit,"New York, NY USA"
Blockchain Expo North America 2021,21 Sep Tuesday,Blockchain Expo North America 2021,Expo,"Santa Clara, CA, USA"
"Cryptocurrency, Blockchain and Bitcoin Conference",22 Sep Wednesday,"Cryptocurrency, Blockchain and Bitcoin Conference",Conference,"Harrisburg, PA, USA"
2021 Government Blockchain Week,27 Sep Monday,2021 Government Blockchain Week,Other,"Washington DC, USA"
Club Fest 2021,,Club Fest 2021,Festival,Virtual Event
CoinAgenda Europe,,CoinAgenda Europe,Conference,Monaco
CoinGeek Conference: It’s About Time,05 Oct Tuesday,CoinGeek Conference: It’s About Time,Conference,"New York, United States"
TOKEN 2049 Europe,06 Oct Wednesday,TOKEN 2049 Europe,Conference,"London, UK"
Crypto Gibraltar,08 Oct Friday,Crypto Gibraltar,Conference,Gibraltar
World Blockchain Summit- Dubai,13 Oct Wednesday,World Blockchain Summit- Dubai,Conference,"Dubai, United Arab Emirates"
The Conscious Crypto Event For Traders,15 Oct Friday,The Conscious Crypto Event For Traders,Conference,Online Event
Future Blockchain Summit 2021,17 Oct Sunday,Future Blockchain Summit 2021,Summit,TBA
International Conference on Advances in Blockchain Technologies,,International Conference on Advances in Blockchain Technologies,Conference,Online Event
WLTH: Wealth and Asset Management re-imagined,20 Oct Wednesday,WLTH: Wealth and Asset Management re-imagined,Conference,London UK
NFT.NYC 2021,,NFT.NYC 2021,Conference,Times Square NYC
CoinAgenda Global,25 Oct Monday,CoinAgenda Global,Conference,"Las Vegas, NV, USA"
Blockchain Expo Tokyo [Autumn],26 Oct Tuesday,Blockchain Expo Tokyo [Autumn],Expo,"Makuhari Messe, Japan"
Blockchain Life 2021 | Moscow,27 Oct Wednesday,Blockchain Life 2021 | Moscow,Conference,Moscow
Crypto Valley Conference 2021,28 Oct Thursday,Crypto Valley Conference 2021,Conference,"Rotkreuz, Switzerland"
Crypto Fest 2021,29 Oct Friday,Crypto Fest 2021,Festival,Online Event
CryptoCon 2021,31 Oct Sunday,CryptoCon 2021,Conference,"Phoenix, United States"
International Conference on Blockchain Technologies and Applications San Francisco,01 Nov Monday,International Conference on Blockchain Technologies and Applications San Francisco,Conference,Online Event
LA Blockchain Summit 2021,02 Nov Tuesday,LA Blockchain Summit 2021,Summit,"Los Angeles, CA, USA"
TABConf 2021,04 Nov Thursday,TABConf 2021,Conference,"Atlanta, United States"
Breakpoint,07 Nov Sunday,Breakpoint,Conference,"Lisbon, Portugal"
Democracy4All,11 Nov Thursday,Democracy4All,Conference,"Barcelona, Spain"
Digital Asset Summit 2021 | London,15 Nov Monday,Digital Asset Summit 2021 | London,Summit,"London, UK"
BLOCKCHAIN WEEK ROME 2021,,BLOCKCHAIN WEEK ROME 2021,Other,"Rome, Italy"
GeckoCon - NFTS Gone Wild,17 Nov Wednesday,GeckoCon - NFTS Gone Wild,Conference,Virtual Event
Asia Crypto Week 2021,21 Nov Sunday,Asia Crypto Week 2021,Other,Hong Kong
TOKEN2049 Asia,22 Nov Monday,TOKEN2049 Asia,Conference,Hong Kong
CoinFestUK 2021,24 Nov Wednesday,CoinFestUK 2021,Conference,Manchester Conference Centre
Blockchain Fest 2021 Singapore,30 Nov Tuesday,Blockchain Fest 2021 Singapore,Other,Marina Bay Sands Singapore
Crypto Awards 2021,01 Dec Wednesday,Crypto Awards 2021,Conference,Cyprus
Blockchance Europe 2021,02 Dec Thursday,Blockchance Europe 2021,Conference,"Hamburg, Deutschland"
CoinAgenda Caribbean,06 Dec Monday,CoinAgenda Caribbean,Conference,Puerto Rico
APAC Blockchain Conference 2021,,APAC Blockchain Conference 2021,Conference,Sydney
European Blockchain Convention,12 Dec Sunday,European Blockchain Convention,Conference,Online Event
International Conference on Smart Contracts and Blockchain ICSCB,13 Jan Thursday,International Conference on Smart Contracts and Blockchain ICSCB,Conference,Online Event
Money2Conf,15 Mar Tuesday,Money2Conf,Conference,"Las Vegas, NV, USA"
Blockchain Africa Conference 2022,17 Mar Thursday,Blockchain Africa Conference 2022,Conference,"Johannesburg, South Africa"
Paris Blockchain Week Summit,13 Apr Wednesday,Paris Blockchain Week Summit,Conference,"Paris, France"
